Unnamed: 0,fixed acidity,volatile acidity,citric acid,residual sugar,chlorides,free sulfur dioxide,total sulfur dioxide,density,pH,sulphates,alcohol,quality
657.0,12.0,0.5,0.59,1.4,0.073,23.0,42.0,0.998,2.92,0.68,10.5,
627.0,8.8,0.6,0.29,2.2,0.098,5.0,15.0,0.9988,3.36,0.49,9.1,
1455.0,6.5,0.9,0.0,1.6,0.052,9.0,17.0,0.99467,3.5,0.63,10.9,
1420.0,7.8,0.53,0.01,1.6,0.077,3.0,19.0,0.995,3.16,0.46,9.8,
1132.0,7.4,0.36,0.34,1.8,0.075,18.0,38.0,0.9933,3.38,0.88,13.6,
743.0,11.6,0.41,0.58,2.8,0.096,25.0,101.0,1.00024,3.13,0.53,10.0,
786.0,9.9,0.35,0.41,2.3,0.083,11.0,61.0,0.9982,3.21,0.5,9.5,
998.0,8.9,0.84,0.34,1.4,0.05,4.0,10.0,0.99554,3.12,0.48,9.1,
864.0,7.2,0.62,0.06,2.7,0.077,15.0,85.0,0.99746,3.51,0.54,9.5,
540.0,9.2,0.59,0.24,3.3,0.101,20.0,47.0,0.9988,3.26,0.67,9.6,
816.0,9.8,0.51,0.19,3.2,0.081,8.0,30.0,0.9984,3.23,0.58,10.5,
941.0,9.9,0.27,0.49,5.0,0.082,9.0,17.0,0.99484,3.19,0.52,12.5,
800.0,7.2,0.61,0.08,4.0,0.082,26.0,108.0,0.99641,3.25,0.51,9.4,
1492.0,6.2,0.65,0.06,1.6,0.05,6.0,18.0,0.99348,3.57,0.54,11.95,
1331.0,7.8,0.87,0.26,3.8,0.107,31.0,67.0,0.99668,3.26,0.46,9.2,
1496.0,7.7,0.54,0.26,1.9,0.089,23.0,147.0,0.99636,3.26,0.59,9.7,
312.0,9.0,0.46,0.31,2.8,0.093,19.0,98.0,0.99815,3.32,0.63,9.5,
107.0,6.2,0.63,0.31,1.7,0.088,15.0,64.0,0.9969,3.46,0.79,9.3,
179.0,8.8,0.61,0.14,2.4,0.067,10.0,42.0,0.9969,3.19,0.59,9.5,
431.0,7.8,0.55,0.35,2.2,0.074,21.0,66.0,0.9974,3.25,0.56,9.2,
164.0,7.3,0.59,0.26,7.2,0.07,35.0,121.0,0.9981,3.37,0.49,9.4,
970.0,10.4,0.26,0.48,1.9,0.066,6.0,10.0,0.99724,3.33,0.87,10.9,
1020.0,11.3,0.36,0.66,2.4,0.123,3.0,8.0,0.99642,3.2,0.53,11.9,
752.0,7.6,0.54,0.13,2.5,0.097,24.0,66.0,0.99785,3.39,0.61,9.4,
104.0,7.2,0.49,0.24,2.2,0.07,5.0,36.0,0.996,3.33,0.48,9.4,
170.0,7.9,0.885,0.03,1.8,0.058,4.0,8.0,0.9972,3.36,0.33,9.1,
993.0,7.1,0.34,0.28,2.0,0.082,31.0,68.0,0.99694,3.45,0.48,9.4,
1374.0,6.8,0.815,0.0,1.2,0.267,16.0,29.0,0.99471,3.32,0.51,9.8,
34.0,5.2,0.32,0.25,1.8,0.103,13.0,50.0,0.9957,3.38,0.55,9.2,
247.0,8.2,0.6,0.17,2.3,0.072,11.0,73.0,0.9963,3.2,0.45,9.3,
933.0,7.4,0.61,0.01,2.0,0.074,13.0,38.0,0.99748,3.48,0.65,9.8,
1553.0,7.3,0.735,0.0,2.2,0.08,18.0,28.0,0.99765,3.41,0.6,9.4,
782.0,9.0,0.82,0.05,2.4,0.081,26.0,96.0,0.99814,3.36,0.53,10.0,
802.0,5.1,0.585,0.0,1.7,0.044,14.0,86.0,0.99264,3.56,0.94,12.9,
1506.0,6.8,0.81,0.05,2.0,0.07,6.0,14.0,0.99562,3.51,0.66,10.8,
1532.0,7.2,0.53,0.13,2.0,0.058,18.0,22.0,0.99573,3.21,0.68,9.9,
1543.0,11.1,0.44,0.42,2.2,0.064,14.0,19.0,0.99758,3.25,0.57,10.4,
206.0,12.8,0.3,0.74,2.6,0.095,9.0,28.0,0.9994,3.2,0.77,10.8,
929.0,8.7,0.33,0.38,3.3,0.063,10.0,19.0,0.99468,3.3,0.73,12.0,
95.0,4.7,0.6,0.17,2.3,0.058,17.0,106.0,0.9932,3.85,0.6,12.9,
1415.0,6.2,0.58,0.0,1.6,0.065,8.0,18.0,0.9966,3.56,0.84,9.4,
740.0,8.3,0.76,0.29,4.2,0.075,12.0,16.0,0.9965,3.45,0.68,11.5,
1589.0,6.6,0.725,0.2,7.8,0.073,29.0,79.0,0.9977,3.29,0.54,9.2,
733.0,7.0,0.45,0.34,2.7,0.082,16.0,72.0,0.998,3.55,0.6,9.5,
813.0,6.9,0.39,0.24,2.1,0.102,4.0,7.0,0.99462,3.44,0.58,11.4,
947.0,8.3,0.28,0.48,2.1,0.093,6.0,12.0,0.99408,3.26,0.62,12.4,
177.0,7.5,0.52,0.42,2.3,0.087,8.0,38.0,0.9972,3.58,0.61,10.5,
378.0,11.4,0.625,0.66,6.2,0.088,6.0,24.0,0.9988,3.11,0.99,13.3,
1475.0,5.3,0.47,0.11,2.2,0.048,16.0,89.0,0.99182,3.54,0.88,13.5666666666667,
155.0,7.1,0.43,0.42,5.5,0.071,28.0,128.0,0.9973,3.42,0.71,10.5,
979.0,12.2,0.45,0.49,1.4,0.075,3.0,6.0,0.9969,3.13,0.63,10.4,
702.0,7.0,0.64,0.02,2.1,0.067,9.0,23.0,0.997,3.47,0.67,9.4,
31.0,6.9,0.685,0.0,2.5,0.105,22.0,37.0,0.9966,3.46,0.57,10.6,
138.0,7.8,0.56,0.19,2.1,0.081,15.0,105.0,0.9962,3.33,0.54,9.5,
932.0,7.6,0.4,0.29,1.9,0.078,29.0,66.0,0.9971,3.45,0.59,9.5,
1077.0,8.6,0.37,0.65,6.4,0.08,3.0,8.0,0.99817,3.27,0.58,11.0,
203.0,7.0,0.42,0.35,1.6,0.088,16.0,39.0,0.9961,3.34,0.55,9.2,
550.0,6.8,0.51,0.01,2.1,0.074,9.0,25.0,0.9958,3.33,0.56,9.5,
854.0,9.3,0.36,0.39,1.5,0.08,41.0,55.0,0.99652,3.47,0.73,10.9,
410.0,9.0,0.43,0.34,2.5,0.08,26.0,86.0,0.9987,3.38,0.62,9.5,
328.0,13.4,0.27,0.62,2.6,0.082,6.0,21.0,1.0002,3.16,0.67,9.7,
1499.0,6.9,0.74,0.03,2.3,0.054,7.0,16.0,0.99508,3.45,0.63,11.5,
1517.0,6.5,0.53,0.06,2.0,0.063,29.0,44.0,0.99489,3.38,0.83,10.3,
391.0,13.7,0.415,0.68,2.9,0.085,17.0,43.0,1.0014,3.06,0.8,10.0,
1546.0,7.0,0.57,0.02,2.0,0.072,17.0,26.0,0.99575,3.36,0.61,10.2,
1587.0,5.8,0.61,0.11,1.8,0.066,18.0,28.0,0.99483,3.55,0.66,10.9,
616.0,9.6,0.6,0.5,2.3,0.079,28.0,71.0,0.9997,3.5,0.57,9.7,
1187.0,7.0,0.43,0.3,2.0,0.085,6.0,39.0,0.99346,3.33,0.46,11.9,
769.0,7.9,0.72,0.01,1.9,0.076,7.0,32.0,0.99668,3.39,0.54,9.6,
1164.0,9.0,0.785,0.24,1.7,0.078,10.0,21.0,0.99692,3.29,0.67,10.0,
724.0,7.5,1.115,0.1,3.1,0.086,5.0,12.0,0.9958,3.54,0.6,11.2,
478.0,9.6,0.68,0.24,2.2,0.087,5.0,28.0,0.9988,3.14,0.6,10.2,
1597.0,5.9,0.645,0.12,2.0,0.075,32.0,44.0,0.99547,3.57,0.71,10.2,
632.0,7.6,0.41,0.14,3.0,0.087,21.0,43.0,0.9964,3.32,0.57,10.5,
108.0,8.0,0.33,0.53,2.5,0.091,18.0,80.0,0.9976,3.37,0.8,9.6,
849.0,6.4,0.63,0.21,1.6,0.08,12.0,32.0,0.99689,3.58,0.66,9.8,
274.0,7.5,0.65,0.18,7.0,0.088,27.0,94.0,0.99915,3.38,0.77,9.4,
357.0,10.5,0.42,0.66,2.95,0.116,12.0,29.0,0.997,3.24,0.75,11.7,
23.0,8.5,0.49,0.11,2.3,0.084,9.0,67.0,0.9968,3.17,0.53,9.4,
29.0,7.8,0.645,0.0,2.0,0.082,8.0,16.0,0.9964,3.38,0.59,9.8,
150.0,7.3,0.33,0.47,2.1,0.077,5.0,11.0,0.9958,3.33,0.53,10.3,
794.0,10.1,0.27,0.54,2.3,0.065,7.0,26.0,0.99531,3.17,0.53,12.5,
843.0,7.1,0.685,0.35,2.0,0.088,9.0,92.0,0.9963,3.28,0.62,9.4,
856.0,9.3,0.36,0.39,1.5,0.08,41.0,55.0,0.99652,3.47,0.73,10.9,
75.0,8.8,0.41,0.64,2.2,0.093,9.0,42.0,0.9986,3.54,0.66,10.5,
515.0,8.5,0.655,0.49,6.1,0.122,34.0,151.0,1.001,3.31,1.14,9.3,
447.0,9.3,0.48,0.29,2.1,0.127,6.0,16.0,0.9968,3.22,0.72,11.2,
345.0,7.0,0.685,0.0,1.9,0.067,40.0,63.0,0.9979,3.6,0.81,9.9,
770.0,7.1,0.59,0.02,2.3,0.082,24.0,94.0,0.99744,3.55,0.53,9.7,
1397.0,7.3,0.59,0.26,2.0,0.08,17.0,104.0,0.99584,3.28,0.52,9.9,
767.0,7.5,0.6,0.32,2.7,0.103,13.0,98.0,0.99938,3.45,0.62,9.5,
1349.0,6.9,0.57,0.0,2.8,0.081,21.0,41.0,0.99518,3.41,0.52,10.8,
20.0,8.9,0.22,0.48,1.8,0.077,29.0,60.0,0.9968,3.39,0.53,9.4,
1038.0,8.7,0.41,0.41,6.2,0.078,25.0,42.0,0.9953,3.24,0.77,12.6,
809.0,7.6,0.48,0.31,2.8,0.07,4.0,15.0,0.99693,3.22,0.55,10.3,
503.0,10.5,0.26,0.47,1.9,0.078,6.0,24.0,0.9976,3.18,1.04,10.9,
1053.0,8.3,0.33,0.42,2.3,0.07,9.0,20.0,0.99426,3.38,0.77,12.7,
1316.0,5.4,0.74,0.0,1.2,0.041,16.0,46.0,0.99258,4.01,0.59,12.5,
284.0,9.9,0.59,0.07,3.4,0.102,32.0,71.0,1.00015,3.31,0.71,9.8,
676.0,10.8,0.4,0.41,2.2,0.084,7.0,17.0,0.9984,3.08,0.67,9.3,
716.0,8.0,0.43,0.36,2.3,0.075,10.0,48.0,0.9976,3.34,0.46,9.4,
739.0,9.0,0.69,0.0,2.4,0.088,19.0,38.0,0.999,3.35,0.6,9.3,
1139.0,8.2,0.51,0.24,2.0,0.079,16.0,86.0,0.99764,3.34,0.64,9.5,
1066.0,6.6,0.52,0.08,2.4,0.07,13.0,26.0,0.99358,3.4,0.72,12.5,
629.0,7.6,0.685,0.23,2.3,0.111,20.0,84.0,0.9964,3.21,0.61,9.3,
439.0,7.0,0.62,0.18,1.5,0.062,7.0,50.0,0.9951,3.08,0.6,9.3,
1425.0,8.3,0.26,0.37,1.4,0.076,8.0,23.0,0.9974,3.26,0.7,9.6,
71.0,7.7,0.67,0.23,2.1,0.088,17.0,96.0,0.9962,3.32,0.48,9.5,
1271.0,7.3,0.44,0.2,1.6,0.049,24.0,64.0,0.9935,3.38,0.57,11.7,
1033.0,7.5,0.57,0.08,2.6,0.089,14.0,27.0,0.99592,3.3,0.59,10.4,
1527.0,7.1,0.53,0.07,1.7,0.071,15.0,24.0,0.9951,3.29,0.66,10.8,
1172.0,9.7,0.42,0.46,2.1,0.074,5.0,16.0,0.99649,3.27,0.74,12.3,
1423.0,6.4,0.53,0.09,3.9,0.123,14.0,31.0,0.9968,3.5,0.67,11.0,
775.0,7.2,1.0,0.0,3.0,0.102,7.0,16.0,0.99586,3.43,0.46,10.0,
1297.0,7.2,0.53,0.14,2.1,0.064,15.0,29.0,0.99323,3.35,0.61,12.1,
212.0,11.6,0.44,0.64,2.1,0.059,5.0,15.0,0.998,3.21,0.67,10.2,
243.0,15.0,0.21,0.44,2.2,0.075,10.0,24.0,1.00005,3.07,0.84,9.2,
645.0,7.8,0.64,0.1,6.0,0.115,5.0,11.0,0.9984,3.37,0.69,10.1,
1288.0,7.0,0.6,0.3,4.5,0.068,20.0,110.0,0.99914,3.3,1.17,10.2,
1421.0,7.5,0.4,0.18,1.6,0.079,24.0,58.0,0.9965,3.34,0.58,9.4,
134.0,7.9,1.04,0.05,2.2,0.084,13.0,29.0,0.9959,3.22,0.55,9.9,
462.0,11.0,0.26,0.68,2.55,0.085,10.0,25.0,0.997,3.18,0.61,11.8,
1015.0,10.5,0.39,0.46,2.2,0.075,14.0,27.0,0.99598,3.06,0.84,11.4,
1515.0,6.9,0.84,0.21,4.1,0.074,16.0,65.0,0.99842,3.53,0.72,9.25,
367.0,10.4,0.575,0.61,2.6,0.076,11.0,24.0,1.0,3.16,0.69,9.0,
514.0,10.5,0.51,0.64,2.4,0.107,6.0,15.0,0.9973,3.09,0.66,11.8,
1444.0,7.3,0.67,0.02,2.2,0.072,31.0,92.0,0.99566,3.32,0.68,11.1,
1166.0,9.9,0.54,0.26,2.0,0.111,7.0,60.0,0.99709,2.94,0.98,10.2,
425.0,6.6,0.84,0.03,2.3,0.059,32.0,48.0,0.9952,3.52,0.56,12.3,
885.0,8.9,0.75,0.14,2.5,0.086,9.0,30.0,0.99824,3.34,0.64,10.5,
1540.0,6.2,0.52,0.08,4.4,0.071,11.0,32.0,0.99646,3.56,0.63,11.6,
472.0,12.5,0.37,0.55,2.6,0.083,25.0,68.0,0.9995,3.15,0.82,10.4,
554.0,15.5,0.645,0.49,4.2,0.095,10.0,23.0,1.00315,2.92,0.74,11.1,
981.0,9.5,0.86,0.26,1.9,0.079,13.0,28.0,0.99712,3.25,0.62,10.0,
585.0,7.6,0.51,0.24,2.4,0.091,8.0,38.0,0.998,3.47,0.66,9.6,
923.0,6.8,0.41,0.31,8.8,0.084,26.0,45.0,0.99824,3.38,0.64,10.1,
1208.0,7.2,0.36,0.46,2.1,0.074,24.0,44.0,0.99534,3.4,0.85,11.0,
1184.0,6.7,0.64,0.23,2.1,0.08,11.0,119.0,0.99538,3.36,0.7,10.9,
21.0,7.6,0.39,0.31,2.3,0.082,23.0,71.0,0.9982,3.52,0.65,9.7,
1228.0,5.1,0.42,0.0,1.8,0.044,18.0,88.0,0.99157,3.68,0.73,13.6,
1547.0,6.3,0.6,0.1,1.6,0.048,12.0,26.0,0.99306,3.55,0.51,12.1,
1367.0,6.9,0.54,0.3,2.2,0.088,9.0,105.0,0.99725,3.25,1.18,10.5,
491.0,9.2,0.41,0.5,2.5,0.055,12.0,25.0,0.9952,3.34,0.79,13.3,
408.0,10.4,0.34,0.58,3.7,0.174,6.0,16.0,0.997,3.19,0.7,11.3,
626.0,8.8,0.6,0.29,2.2,0.098,5.0,15.0,0.9988,3.36,0.49,9.1,
975.0,7.2,0.41,0.3,2.1,0.083,35.0,72.0,0.997,3.44,0.52,9.4,
1347.0,7.2,0.655,0.03,1.8,0.078,7.0,12.0,0.99587,3.34,0.39,9.5,
665.0,9.4,0.59,0.14,2.0,0.084,25.0,48.0,0.9981,3.14,0.56,9.7,
253.0,7.7,0.775,0.42,1.9,0.092,8.0,86.0,0.9959,3.23,0.59,9.5,
880.0,9.2,0.56,0.18,1.6,0.078,10.0,21.0,0.99576,3.15,0.49,9.9,
437.0,11.1,0.45,0.73,3.2,0.066,6.0,22.0,0.9986,3.17,0.66,11.2,
1049.0,9.3,0.5,0.36,1.8,0.084,6.0,17.0,0.99704,3.27,0.77,10.8,
853.0,9.3,0.36,0.39,1.5,0.08,41.0,55.0,0.99652,3.47,0.73,10.9,
180.0,8.8,0.61,0.14,2.4,0.067,10.0,42.0,0.9969,3.19,0.59,9.5,
1513.0,6.4,0.56,0.15,1.8,0.078,17.0,65.0,0.99294,3.33,0.6,10.5,
1508.0,7.1,0.27,0.6,2.1,0.074,17.0,25.0,0.99814,3.38,0.72,10.6,
1329.0,7.4,0.6,0.26,2.1,0.083,17.0,91.0,0.99616,3.29,0.56,9.8,
1373.0,7.7,0.75,0.27,3.8,0.11,34.0,89.0,0.99664,3.24,0.45,9.3,
271.0,11.5,0.18,0.51,4.0,0.104,4.0,23.0,0.9996,3.28,0.97,10.1,
1140.0,7.3,0.4,0.3,1.7,0.08,33.0,79.0,0.9969,3.41,0.65,9.5,
1275.0,8.0,0.715,0.22,2.3,0.075,13.0,81.0,0.99688,3.24,0.54,9.5,
1203.0,9.9,0.74,0.19,5.8,0.111,33.0,76.0,0.99878,3.14,0.55,9.4,
772.0,9.5,0.57,0.27,2.3,0.082,23.0,144.0,0.99782,3.27,0.55,9.4,
647.0,8.3,0.845,0.01,2.2,0.07,5.0,14.0,0.9967,3.32,0.58,11.0,
596.0,12.4,0.4,0.51,2.0,0.059,6.0,24.0,0.9994,3.04,0.6,9.3,
87.0,7.7,0.49,0.26,1.9,0.062,9.0,31.0,0.9966,3.39,0.64,9.6,
461.0,8.3,0.615,0.22,2.6,0.087,6.0,19.0,0.9982,3.26,0.61,9.3,
1465.0,6.8,0.59,0.1,1.7,0.063,34.0,53.0,0.9958,3.41,0.67,9.7,
922.0,8.4,0.62,0.12,1.8,0.072,38.0,46.0,0.99504,3.38,0.89,11.8,
972.0,10.1,0.38,0.5,2.4,0.104,6.0,13.0,0.99643,3.22,0.65,11.6,
994.0,10.0,0.35,0.45,2.5,0.092,20.0,88.0,0.99918,3.15,0.43,9.4,
417.0,7.0,0.58,0.12,1.9,0.091,34.0,124.0,0.9956,3.44,0.48,10.5,
1302.0,9.1,0.37,0.32,2.1,0.064,4.0,15.0,0.99576,3.3,0.8,11.2,
1399.0,7.2,0.67,0.0,2.2,0.068,10.0,24.0,0.9956,3.42,0.72,11.1,
1182.0,10.2,0.4,0.4,2.5,0.068,41.0,54.0,0.99754,3.38,0.86,10.5,
751.0,8.3,0.65,0.1,2.9,0.089,17.0,40.0,0.99803,3.29,0.55,9.5,
1285.0,11.3,0.37,0.5,1.8,0.09,20.0,47.0,0.99734,3.15,0.57,10.5,
1371.0,7.5,0.58,0.56,3.1,0.153,5.0,14.0,0.99476,3.21,1.03,11.6,
1511.0,7.1,0.69,0.04,2.1,0.068,19.0,27.0,0.99712,3.44,0.67,9.8,
1344.0,11.5,0.42,0.48,2.6,0.077,8.0,20.0,0.99852,3.09,0.53,11.0,
1112.0,7.9,0.33,0.41,1.5,0.056,6.0,35.0,0.99396,3.29,0.71,11.0,
1393.0,8.0,0.52,0.25,2.0,0.078,19.0,59.0,0.99612,3.3,0.48,10.2,
722.0,7.6,0.42,0.08,2.7,0.084,15.0,48.0,0.9968,3.21,0.59,10.0,
1209.0,6.2,0.39,0.43,2.0,0.071,14.0,24.0,0.99428,3.45,0.87,11.2,
1412.0,8.2,0.24,0.34,5.1,0.062,8.0,22.0,0.9974,3.22,0.94,10.9,
445.0,9.5,0.735,0.1,2.1,0.079,6.0,31.0,0.9986,3.23,0.56,10.1,
1192.0,7.2,0.25,0.37,2.5,0.063,11.0,41.0,0.99439,3.52,0.8,12.4,
499.0,8.7,0.69,0.31,3.0,0.086,23.0,81.0,1.0002,3.48,0.74,11.6,
1409.0,6.0,0.51,0.0,2.1,0.064,40.0,54.0,0.995,3.54,0.93,10.7,
386.0,7.8,0.54,0.26,2.0,0.088,23.0,48.0,0.9981,3.41,0.74,9.2,
480.0,10.6,0.28,0.39,15.5,0.069,6.0,23.0,1.0026,3.12,0.66,9.2,
93.0,7.7,0.49,0.26,1.9,0.062,9.0,31.0,0.9966,3.39,0.64,9.6,
24.0,6.9,0.4,0.14,2.4,0.085,21.0,40.0,0.9968,3.43,0.63,9.7,
1199.0,7.9,0.58,0.23,2.3,0.076,23.0,94.0,0.99686,3.21,0.58,9.5,
356.0,11.5,0.41,0.52,3.0,0.08,29.0,55.0,1.0001,3.26,0.88,11.0,
1470.0,10.0,0.69,0.11,1.4,0.084,8.0,24.0,0.99578,2.88,0.47,9.7,
181.0,8.9,0.61,0.49,2.0,0.27,23.0,110.0,0.9972,3.12,1.02,9.3,
1179.0,8.2,0.35,0.33,2.4,0.076,11.0,47.0,0.99599,3.27,0.81,11.0,
930.0,6.6,0.61,0.01,1.9,0.08,8.0,25.0,0.99746,3.69,0.73,10.5,
288.0,8.7,0.52,0.09,2.5,0.091,20.0,49.0,0.9976,3.34,0.86,10.6,
881.0,7.6,0.715,0.0,2.1,0.068,30.0,35.0,0.99533,3.48,0.65,11.4,
456.0,8.9,0.59,0.39,2.3,0.095,5.0,22.0,0.9986,3.37,0.58,10.3,
536.0,9.9,0.63,0.24,2.4,0.077,6.0,33.0,0.9974,3.09,0.57,9.4,
677.0,8.6,0.8,0.11,2.3,0.084,12.0,31.0,0.9979,3.4,0.48,9.9,
736.0,7.7,0.965,0.1,2.1,0.112,11.0,22.0,0.9963,3.26,0.5,9.5,
406.0,9.8,0.44,0.47,2.5,0.063,9.0,28.0,0.9981,3.24,0.65,10.8,
297.0,7.1,0.63,0.06,2.0,0.083,8.0,29.0,0.99855,3.67,0.73,9.6,
1237.0,7.1,0.75,0.01,2.2,0.059,11.0,18.0,0.99242,3.39,0.4,12.8,
1050.0,7.1,0.43,0.17,1.8,0.082,27.0,51.0,0.99634,3.49,0.64,10.4,
207.0,7.8,0.57,0.31,1.8,0.069,26.0,120.0,0.99625,3.29,0.53,9.3,
861.0,5.8,1.01,0.66,2.0,0.039,15.0,88.0,0.99357,3.66,0.6,11.5,
1441.0,7.4,0.785,0.19,5.2,0.094,19.0,98.0,0.99713,3.16,0.52,9.56666666666667,
1191.0,6.5,0.885,0.0,2.3,0.166,6.0,12.0,0.99551,3.56,0.51,10.8,
342.0,10.9,0.39,0.47,1.8,0.118,6.0,14.0,0.9982,3.3,0.75,9.8,
690.0,7.4,1.185,0.0,4.25,0.097,5.0,14.0,0.9966,3.63,0.54,10.7,
841.0,6.6,0.66,0.0,3.0,0.115,21.0,31.0,0.99629,3.45,0.63,10.3,
61.0,7.7,0.69,0.49,1.8,0.115,20.0,112.0,0.9968,3.21,0.71,9.3,
1333.0,9.1,0.775,0.22,2.2,0.079,12.0,48.0,0.9976,3.18,0.51,9.6,
823.0,6.7,0.54,0.13,2.0,0.076,15.0,36.0,0.9973,3.61,0.64,9.8,
303.0,7.4,0.67,0.12,1.6,0.186,5.0,21.0,0.996,3.39,0.54,9.5,
62.0,7.5,0.52,0.16,1.9,0.085,12.0,35.0,0.9968,3.38,0.62,9.5,
333.0,8.4,0.56,0.08,2.1,0.105,16.0,44.0,0.9958,3.13,0.52,11.0,
1174.0,7.6,0.36,0.31,1.7,0.079,26.0,65.0,0.99716,3.46,0.62,9.5,
420.0,9.5,0.56,0.33,2.4,0.089,35.0,67.0,0.9972,3.28,0.73,11.8,
165.0,7.8,0.63,0.48,1.7,0.1,14.0,96.0,0.9961,3.19,0.62,9.5,
377.0,9.4,0.27,0.53,2.4,0.074,6.0,18.0,0.9962,3.2,1.13,12.0,
1456.0,6.0,0.54,0.06,1.8,0.05,38.0,89.0,0.99236,3.3,0.5,10.55,
1379.0,7.5,0.57,0.02,2.6,0.077,11.0,35.0,0.99557,3.36,0.62,10.8,
1555.0,7.0,0.56,0.17,1.7,0.065,15.0,24.0,0.99514,3.44,0.68,10.55,
915.0,8.6,0.315,0.4,2.2,0.079,3.0,6.0,0.99512,3.27,0.67,11.9,
969.0,6.7,0.56,0.09,2.9,0.079,7.0,22.0,0.99669,3.46,0.61,10.2,
1290.0,7.6,0.74,0.0,1.9,0.1,6.0,12.0,0.99521,3.36,0.59,11.0,
1230.0,7.7,0.18,0.34,2.7,0.066,15.0,58.0,0.9947,3.37,0.78,11.8,
719.0,7.1,0.66,0.0,3.9,0.086,17.0,45.0,0.9976,3.46,0.54,9.5,
470.0,13.0,0.32,0.65,2.6,0.093,15.0,47.0,0.9996,3.05,0.61,10.6,
804.0,8.4,0.52,0.22,2.7,0.084,4.0,18.0,0.99682,3.26,0.57,9.9,
414.0,8.8,0.52,0.34,2.7,0.087,24.0,122.0,0.9982,3.26,0.61,9.5,
956.0,9.0,0.36,0.52,2.1,0.111,5.0,10.0,0.99568,3.31,0.62,11.3,
500.0,7.8,0.52,0.25,1.9,0.081,14.0,38.0,0.9984,3.43,0.65,9.0,
808.0,7.4,0.53,0.12,1.9,0.165,4.0,12.0,0.99702,3.26,0.86,9.2,
1149.0,10.0,0.35,0.47,2.0,0.061,6.0,11.0,0.99585,3.23,0.52,12.0,
1408.0,8.1,0.29,0.36,2.2,0.048,35.0,53.0,0.995,3.27,1.01,12.4,
1311.0,6.5,0.51,0.15,3.0,0.064,12.0,27.0,0.9929,3.33,0.59,12.8,
1577.0,6.2,0.7,0.15,5.1,0.076,13.0,27.0,0.99622,3.54,0.6,11.9,
265.0,11.8,0.26,0.52,1.8,0.071,6.0,10.0,0.9968,3.2,0.72,10.2,
1256.0,7.5,0.59,0.22,1.8,0.082,43.0,60.0,0.99499,3.1,0.42,9.2,
708.0,7.8,0.545,0.12,2.5,0.068,11.0,35.0,0.996,3.34,0.61,11.6,
244.0,15.0,0.21,0.44,2.2,0.075,10.0,24.0,1.00005,3.07,0.84,9.2,
175.0,6.9,0.5,0.04,1.5,0.085,19.0,49.0,0.9958,3.35,0.78,9.5,
714.0,9.9,0.74,0.28,2.6,0.078,21.0,77.0,0.998,3.28,0.51,9.8,
77.0,6.8,0.785,0.0,2.4,0.104,14.0,30.0,0.9966,3.52,0.55,10.7,
1091.0,7.9,0.34,0.42,2.0,0.086,8.0,19.0,0.99546,3.35,0.6,11.4,
397.0,11.5,0.59,0.59,2.6,0.087,13.0,49.0,0.9988,3.18,0.65,11.0,
1215.0,8.8,0.27,0.46,2.1,0.095,20.0,29.0,0.99488,3.26,0.56,11.3,
1138.0,7.5,0.41,0.15,3.7,0.104,29.0,94.0,0.99786,3.14,0.58,9.1,
868.0,6.8,0.56,0.22,1.8,0.074,15.0,24.0,0.99438,3.4,0.82,11.2,
1019.0,7.0,0.5,0.14,1.8,0.078,10.0,23.0,0.99636,3.53,0.61,10.4,
1473.0,6.1,0.6,0.08,1.8,0.071,14.0,45.0,0.99336,3.38,0.54,11.0,
774.0,7.9,0.4,0.3,1.8,0.157,2.0,45.0,0.99727,3.31,0.91,9.5,
1207.0,9.9,0.72,0.55,1.7,0.136,24.0,52.0,0.99752,3.35,0.94,10.0,
314.0,7.4,0.36,0.29,2.6,0.087,26.0,72.0,0.99645,3.39,0.68,11.0,
1318.0,7.5,0.63,0.27,2.0,0.083,17.0,91.0,0.99616,3.26,0.58,9.8,
553.0,5.0,1.04,0.24,1.6,0.05,32.0,96.0,0.9934,3.74,0.62,11.5,
429.0,12.8,0.84,0.63,2.4,0.088,13.0,35.0,0.9997,3.1,0.6,10.4,
1031.0,7.3,0.55,0.01,1.8,0.093,9.0,15.0,0.99514,3.35,0.58,11.0,
286.0,12.0,0.45,0.55,2.0,0.073,25.0,49.0,0.9997,3.1,0.76,10.3,
1382.0,8.0,0.6,0.22,2.1,0.08,25.0,105.0,0.99613,3.3,0.49,9.9,
760.0,9.0,0.58,0.25,2.8,0.075,9.0,104.0,0.99779,3.23,0.57,9.7,
53.0,8.6,0.38,0.36,3.0,0.081,30.0,119.0,0.997,3.2,0.56,9.4,
1328.0,6.5,0.52,0.11,1.8,0.073,13.0,38.0,0.9955,3.34,0.52,9.3,
1342.0,7.6,0.54,0.02,1.7,0.085,17.0,31.0,0.99589,3.37,0.51,10.4,
1083.0,8.7,0.42,0.45,2.4,0.072,32.0,59.0,0.99617,3.33,0.77,12.0,
191.0,6.4,0.37,0.25,1.9,0.074,21.0,49.0,0.9974,3.57,0.62,9.8,
896.0,8.3,0.31,0.39,2.4,0.078,17.0,43.0,0.99444,3.31,0.77,12.5,
1327.0,6.7,0.46,0.24,1.7,0.077,18.0,34.0,0.9948,3.39,0.6,10.6,
257.0,6.6,0.695,0.0,2.1,0.075,12.0,56.0,0.9968,3.49,0.67,9.2,
1387.0,7.4,0.64,0.07,1.8,0.1,8.0,23.0,0.9961,3.3,0.58,9.6,
1167.0,8.2,0.33,0.39,2.5,0.074,29.0,48.0,0.99528,3.32,0.88,12.4,
6.0,7.9,0.6,0.06,1.6,0.069,15.0,59.0,0.9964,3.3,0.46,9.4,
609.0,6.3,0.36,0.19,3.2,0.075,15.0,39.0,0.9956,3.56,0.52,12.7,
1343.0,7.5,0.51,0.02,1.7,0.084,13.0,31.0,0.99538,3.36,0.54,10.5,
1093.0,9.2,0.31,0.36,2.2,0.079,11.0,31.0,0.99615,3.33,0.86,12.0,
1107.0,9.1,0.3,0.41,2.0,0.068,10.0,24.0,0.99523,3.27,0.85,11.7,
555.0,15.5,0.645,0.49,4.2,0.095,10.0,23.0,1.00315,2.92,0.74,11.1,
176.0,7.3,0.38,0.21,2.0,0.08,7.0,35.0,0.9961,3.33,0.47,9.5,
1468.0,7.3,0.48,0.32,2.1,0.062,31.0,54.0,0.99728,3.3,0.65,10.0,
187.0,7.7,0.705,0.1,2.6,0.084,9.0,26.0,0.9976,3.39,0.49,9.7,
1160.0,10.6,0.36,0.57,2.3,0.087,6.0,20.0,0.99676,3.14,0.72,11.1,
421.0,6.6,0.84,0.03,2.3,0.059,32.0,48.0,0.9952,3.52,0.56,12.3,
194.0,7.6,0.55,0.21,2.2,0.071,7.0,28.0,0.9964,3.28,0.55,9.7,
1480.0,5.6,0.62,0.03,1.5,0.08,6.0,13.0,0.99498,3.66,0.62,10.1,
468.0,11.4,0.36,0.69,2.1,0.09,6.0,21.0,1.0,3.17,0.62,9.2,
1251.0,7.5,0.58,0.14,2.2,0.077,27.0,60.0,0.9963,3.28,0.59,9.8,
1392.0,7.1,0.62,0.06,1.3,0.07,5.0,12.0,0.9942,3.17,0.48,9.8,
448.0,8.6,0.53,0.22,2.0,0.1,7.0,27.0,0.9967,3.2,0.56,10.2,
1351.0,7.2,0.62,0.01,2.3,0.065,8.0,46.0,0.99332,3.32,0.51,11.8,
964.0,8.5,0.47,0.27,1.9,0.058,18.0,38.0,0.99518,3.16,0.85,11.1,
125.0,9.0,0.62,0.04,1.9,0.146,27.0,90.0,0.9984,3.16,0.7,9.4,
594.0,7.9,0.72,0.17,2.6,0.096,20.0,38.0,0.9978,3.4,0.53,9.5,
1143.0,7.0,0.22,0.3,1.8,0.065,16.0,20.0,0.99672,3.61,0.82,10.0,
338.0,12.4,0.49,0.58,3.0,0.103,28.0,99.0,1.0008,3.16,1.0,11.5,
473.0,9.9,0.35,0.55,2.1,0.062,5.0,14.0,0.9971,3.26,0.79,10.6,
200.0,9.6,0.32,0.47,1.4,0.056,9.0,24.0,0.99695,3.22,0.82,10.3,
228.0,7.7,0.43,0.25,2.6,0.073,29.0,63.0,0.99615,3.37,0.58,10.5,
913.0,9.4,0.395,0.46,4.6,0.094,3.0,10.0,0.99639,3.27,0.64,12.2,
1595.0,5.9,0.55,0.1,2.2,0.062,39.0,51.0,0.99512,3.52,0.76,11.2,
936.0,8.8,0.3,0.38,2.3,0.06,19.0,72.0,0.99543,3.39,0.72,11.8,
866.0,6.8,0.49,0.22,2.3,0.071,13.0,24.0,0.99438,3.41,0.83,11.3,
1222.0,8.1,0.53,0.22,2.2,0.078,33.0,89.0,0.99678,3.26,0.46,9.6,
1350.0,9.0,0.6,0.29,2.0,0.069,32.0,73.0,0.99654,3.34,0.57,10.0,
1486.0,6.8,0.68,0.21,2.1,0.07,9.0,23.0,0.99546,3.38,0.6,10.3,
488.0,11.6,0.32,0.55,2.8,0.081,35.0,67.0,1.0002,3.32,0.92,10.8,
76.0,8.8,0.41,0.64,2.2,0.093,9.0,42.0,0.9986,3.54,0.66,10.5,
481.0,9.4,0.3,0.56,2.8,0.08,6.0,17.0,0.9964,3.15,0.92,11.7,
1171.0,7.1,0.59,0.0,2.2,0.078,26.0,44.0,0.99522,3.42,0.68,10.8,
398.0,11.5,0.59,0.59,2.6,0.087,13.0,49.0,0.9988,3.18,0.65,11.0,
496.0,7.8,0.52,0.25,1.9,0.081,14.0,38.0,0.9984,3.43,0.65,9.0,
129.0,6.1,0.38,0.15,1.8,0.072,6.0,19.0,0.9955,3.42,0.57,9.4,
463.0,8.1,0.66,0.7,2.2,0.098,25.0,129.0,0.9972,3.08,0.53,9.0,
873.0,9.1,0.21,0.37,1.6,0.067,6.0,10.0,0.99552,3.23,0.58,11.1,
78.0,6.7,0.75,0.12,2.0,0.086,12.0,80.0,0.9958,3.38,0.52,10.1,
126.0,8.2,1.33,0.0,1.7,0.081,3.0,12.0,0.9964,3.53,0.49,10.9,
236.0,7.2,0.63,0.0,1.9,0.097,14.0,38.0,0.99675,3.37,0.58,9.0,
256.0,9.4,0.34,0.37,2.2,0.075,5.0,13.0,0.998,3.22,0.62,9.2,
1014.0,8.0,0.58,0.16,2.0,0.12,3.0,7.0,0.99454,3.22,0.58,11.2,
159.0,6.8,0.6,0.18,1.9,0.079,18.0,86.0,0.9968,3.59,0.57,9.3,
563.0,7.6,0.29,0.49,2.7,0.092,25.0,60.0,0.9971,3.31,0.61,10.1,
1466.0,7.3,0.48,0.32,2.1,0.062,31.0,54.0,0.99728,3.3,0.65,10.0,
189.0,7.9,0.49,0.32,1.9,0.082,17.0,144.0,0.9968,3.2,0.55,9.5,
1526.0,6.8,0.47,0.08,2.2,0.064,18.0,38.0,0.99553,3.3,0.65,9.6,
893.0,7.2,0.66,0.03,2.3,0.078,16.0,86.0,0.99743,3.53,0.57,9.7,
198.0,5.4,0.835,0.08,1.2,0.046,13.0,93.0,0.9924,3.57,0.85,13.0,
718.0,8.4,0.56,0.04,2.0,0.082,10.0,22.0,0.9976,3.22,0.44,9.6,
336.0,8.9,0.43,0.45,1.9,0.052,6.0,16.0,0.9948,3.35,0.7,12.5,
762.0,8.8,0.7,0.0,1.7,0.069,8.0,19.0,0.99701,3.31,0.53,10.0,
1211.0,6.6,0.44,0.15,2.1,0.076,22.0,53.0,0.9957,3.32,0.62,9.3,
337.0,7.8,0.43,0.32,2.8,0.08,29.0,58.0,0.9974,3.31,0.64,10.3,
466.0,10.3,0.5,0.42,2.0,0.069,21.0,51.0,0.9982,3.16,0.72,11.5,
988.0,7.7,0.39,0.12,1.7,0.097,19.0,27.0,0.99596,3.16,0.49,9.4,
580.0,12.3,0.5,0.49,2.2,0.089,5.0,14.0,1.0002,3.19,0.44,9.6,
1009.0,9.6,0.5,0.36,2.8,0.116,26.0,55.0,0.99722,3.18,0.68,10.9,
1259.0,6.8,0.64,0.0,2.7,0.123,15.0,33.0,0.99538,3.44,0.63,11.3,
1129.0,10.5,0.43,0.35,3.3,0.092,24.0,70.0,0.99798,3.21,0.69,10.5,
98.0,7.6,0.9,0.06,2.5,0.079,5.0,10.0,0.9967,3.39,0.56,9.8,
1202.0,8.6,0.42,0.39,1.8,0.068,6.0,12.0,0.99516,3.35,0.69,11.7,
1227.0,9.0,0.58,0.25,2.0,0.104,8.0,21.0,0.99769,3.27,0.72,9.6,
811.0,12.9,0.5,0.55,2.8,0.072,7.0,24.0,1.00012,3.09,0.68,10.9,
943.0,9.8,0.5,0.34,2.3,0.094,10.0,45.0,0.99864,3.24,0.6,9.7,
1501.0,7.8,0.82,0.29,4.3,0.083,21.0,64.0,0.99642,3.16,0.53,9.4,
1523.0,6.8,0.48,0.25,2.0,0.076,29.0,61.0,0.9953,3.34,0.6,10.4,
907.0,6.1,0.56,0.0,2.2,0.079,6.0,9.0,0.9948,3.59,0.54,11.5,
152.0,7.5,0.6,0.03,1.8,0.095,25.0,99.0,0.995,3.35,0.54,10.1,
1197.0,7.7,0.57,0.21,1.5,0.069,4.0,9.0,0.99458,3.16,0.54,9.8,
573.0,10.5,0.59,0.49,2.1,0.07,14.0,47.0,0.9991,3.3,0.56,9.6,
586.0,11.1,0.31,0.49,2.7,0.094,16.0,47.0,0.9986,3.12,1.02,10.6,
229.0,6.9,0.52,0.25,2.6,0.081,10.0,37.0,0.99685,3.46,0.5,11.0,
306.0,7.6,0.62,0.32,2.2,0.082,7.0,54.0,0.9966,3.36,0.52,9.4,
211.0,8.0,0.725,0.24,2.8,0.083,10.0,62.0,0.99685,3.35,0.56,10.0,
489.0,9.3,0.39,0.4,2.6,0.073,10.0,26.0,0.9984,3.34,0.75,10.2,
574.0,10.6,0.34,0.49,3.2,0.078,20.0,78.0,0.9992,3.19,0.7,10.0,
350.0,10.7,0.67,0.22,2.7,0.107,17.0,34.0,1.0004,3.28,0.98,9.9,
902.0,7.4,0.635,0.1,2.4,0.08,16.0,33.0,0.99736,3.58,0.69,10.8,
64.0,7.2,0.725,0.05,4.65,0.086,4.0,11.0,0.9962,3.41,0.39,10.9,
1114.0,5.0,0.4,0.5,4.3,0.046,29.0,80.0,0.9902,3.49,0.66,13.6,
221.0,7.4,0.53,0.26,2.0,0.101,16.0,72.0,0.9957,3.15,0.57,9.4,
564.0,13.0,0.47,0.49,4.3,0.085,6.0,47.0,1.0021,3.3,0.68,12.7,
669.0,11.3,0.34,0.45,2.0,0.082,6.0,15.0,0.9988,2.94,0.66,9.2,
474.0,10.5,0.28,0.51,1.7,0.08,10.0,24.0,0.9982,3.2,0.89,9.4,
120.0,7.3,1.07,0.09,1.7,0.178,10.0,89.0,0.9962,3.3,0.57,9.0,
395.0,12.0,0.37,0.76,4.2,0.066,7.0,38.0,1.0004,3.22,0.6,13.0,
1086.0,8.5,0.34,0.4,4.7,0.055,3.0,9.0,0.99738,3.38,0.66,11.6,
1190.0,9.1,0.4,0.57,4.6,0.08,6.0,20.0,0.99652,3.28,0.57,12.5,
249.0,7.3,0.66,0.0,2.0,0.084,6.0,23.0,0.9983,3.61,0.96,9.9,
185.0,8.9,0.31,0.57,2.0,0.111,26.0,85.0,0.9971,3.26,0.53,9.7,
100.0,8.3,0.61,0.3,2.1,0.084,11.0,50.0,0.9972,3.4,0.61,10.2,
612.0,7.5,0.64,0.0,2.4,0.077,18.0,29.0,0.9965,3.32,0.6,10.0,
1458.0,8.4,0.29,0.4,1.7,0.067,8.0,20.0,0.99603,3.39,0.6,10.5,
650.0,10.7,0.43,0.39,2.2,0.106,8.0,32.0,0.9986,2.89,0.5,9.6,
1578.0,6.8,0.67,0.15,1.8,0.118,13.0,20.0,0.9954,3.42,0.67,11.3,
792.0,7.1,0.61,0.02,2.5,0.081,17.0,87.0,0.99745,3.48,0.6,9.7,
35.0,7.8,0.645,0.0,5.5,0.086,5.0,18.0,0.9986,3.4,0.55,9.6,
1442.0,6.9,0.63,0.02,1.9,0.078,18.0,30.0,0.99712,3.4,0.75,9.8,
577.0,8.8,0.44,0.49,2.8,0.083,18.0,111.0,0.9982,3.3,0.6,9.5,
1283.0,8.7,0.63,0.28,2.7,0.096,17.0,69.0,0.99734,3.26,0.63,10.2,
465.0,10.0,0.29,0.4,2.9,0.098,10.0,26.0,1.0006,3.48,0.91,9.7,
1028.0,7.2,0.34,0.21,2.5,0.075,41.0,68.0,0.99586,3.37,0.54,10.1,
9.0,7.5,0.5,0.36,6.1,0.071,17.0,102.0,0.9978,3.35,0.8,10.5,
1258.0,6.8,0.64,0.0,2.7,0.123,15.0,33.0,0.99538,3.44,0.63,11.3,
997.0,5.6,0.66,0.0,2.2,0.087,3.0,11.0,0.99378,3.71,0.63,12.8,
601.0,13.2,0.46,0.52,2.2,0.071,12.0,35.0,1.0006,3.1,0.56,9.0,
510.0,12.4,0.42,0.49,4.6,0.073,19.0,43.0,0.9978,3.02,0.61,9.5,
1095.0,9.4,0.4,0.47,2.5,0.087,6.0,20.0,0.99772,3.15,0.5,10.5,
252.0,11.1,0.35,0.48,3.1,0.09,5.0,21.0,0.9986,3.17,0.53,10.5,
1427.0,7.6,0.41,0.33,2.5,0.078,6.0,23.0,0.9957,3.3,0.58,11.2,
88.0,9.3,0.39,0.44,2.1,0.107,34.0,125.0,0.9978,3.14,1.22,9.5,
892.0,10.1,0.45,0.23,1.9,0.082,10.0,18.0,0.99774,3.22,0.65,9.3,
1334.0,7.2,0.835,0.0,2.0,0.166,4.0,11.0,0.99608,3.39,0.52,10.0,
1579.0,6.2,0.56,0.09,1.7,0.053,24.0,32.0,0.99402,3.54,0.6,11.3,
727.0,6.4,0.57,0.02,1.8,0.067,4.0,11.0,0.997,3.46,0.68,9.5,
,,,,,,,,,,,,7.0
,,,,,,,,,,,,5.0
,,,,,,,,,,,,6.0
,,,,,,,,,,,,5.0
,,,,,,,,,,,,7.0
,,,,,,,,,,,,5.0
,,,,,,,,,,,,5.0
,,,,,,,,,,,,6.0
,,,,,,,,,,,,5.0
,,,,,,,,,,,,5.0
,,,,,,,,,,,,6.0
,,,,,,,,,,,,7.0
,,,,,,,,,,,,5.0
,,,,,,,,,,,,5.0
,,,,,,,,,,,,5.0
,,,,,,,,,,,,5.0
,,,,,,,,,,,,6.0
,,,,,,,,,,,,5.0
,,,,,,,,,,,,5.0
,,,,,,,,,,,,5.0
,,,,,,,,,,,,5.0
,,,,,,,,,,,,6.0
,,,,,,,,,,,,6.0
,,,,,,,,,,,,5.0
,,,,,,,,,,,,5.0
,,,,,,,,,,,,4.0
,,,,,,,,,,,,5.0
,,,,,,,,,,,,3.0
,,,,,,,,,,,,5.0
,,,,,,,,,,,,5.0
,,,,,,,,,,,,5.0
,,,,,,,,,,,,5.0
,,,,,,,,,,,,5.0
,,,,,,,,,,,,7.0
,,,,,,,,,,,,6.0
,,,,,,,,,,,,6.0
,,,,,,,,,,,,6.0
,,,,,,,,,,,,7.0
,,,,,,,,,,,,7.0
,,,,,,,,,,,,6.0
,,,,,,,,,,,,5.0
,,,,,,,,,,,,6.0
,,,,,,,,,,,,5.0
,,,,,,,,,,,,5.0
,,,,,,,,,,,,4.0
,,,,,,,,,,,,7.0
,,,,,,,,,,,,6.0
,,,,,,,,,,,,6.0
,,,,,,,,,,,,7.0
,,,,,,,,,,,,5.0
,,,,,,,,,,,,5.0
,,,,,,,,,,,,6.0
,,,,,,,,,,,,6.0
,,,,,,,,,,,,5.0
,,,,,,,,,,,,6.0
,,,,,,,,,,,,5.0
,,,,,,,,,,,,5.0
,,,,,,,,,,,,6.0
,,,,,,,,,,,,6.0
,,,,,,,,,,,,6.0
,,,,,,,,,,,,6.0
,,,,,,,,,,,,6.0
,,,,,,,,,,,,6.0
,,,,,,,,,,,,6.0
,,,,,,,,,,,,5.0
,,,,,,,,,,,,6.0
,,,,,,,,,,,,5.0
,,,,,,,,,,,,6.0
,,,,,,,,,,,,5.0
,,,,,,,,,,,,5.0
,,,,,,,,,,,,4.0
,,,,,,,,,,,,5.0
,,,,,,,,,,,,5.0
,,,,,,,,,,,,6.0
,,,,,,,,,,,,6.0
,,,,,,,,,,,,5.0
,,,,,,,,,,,,5.0
,,,,,,,,,,,,7.0
,,,,,,,,,,,,5.0
,,,,,,,,,,,,6.0
,,,,,,,,,,,,6.0
,,,,,,,,,,,,6.0
,,,,,,,,,,,,5.0
,,,,,,,,,,,,6.0
,,,,,,,,,,,,5.0
,,,,,,,,,,,,5.0
,,,,,,,,,,,,5.0
,,,,,,,,,,,,5.0
,,,,,,,,,,,,6.0
,,,,,,,,,,,,5.0
,,,,,,,,,,,,5.0
,,,,,,,,,,,,5.0
,,,,,,,,,,,,6.0
,,,,,,,,,,,,7.0
,,,,,,,,,,,,6.0
,,,,,,,,,,,,7.0
,,,,,,,,,,,,7.0
,,,,,,,,,,,,6.0
,,,,,,,,,,,,5.0
,,,,,,,,,,,,6.0
,,,,,,,,,,,,5.0
,,,,,,,,,,,,5.0
,,,,,,,,,,,,6.0
,,,,,,,,,,,,7.0
,,,,,,,,,,,,5.0
,,,,,,,,,,,,5.0
,,,,,,,,,,,,6.0
,,,,,,,,,,,,5.0
,,,,,,,,,,,,6.0
,,,,,,,,,,,,6.0
,,,,,,,,,,,,6.0
,,,,,,,,,,,,6.0
,,,,,,,,,,,,4.0
,,,,,,,,,,,,5.0
,,,,,,,,,,,,6.0
,,,,,,,,,,,,6.0
,,,,,,,,,,,,7.0
,,,,,,,,,,,,7.0
,,,,,,,,,,,,5.0
,,,,,,,,,,,,5.0
,,,,,,,,,,,,6.0
,,,,,,,,,,,,5.0
,,,,,,,,,,,,6.0
,,,,,,,,,,,,6.0
,,,,,,,,,,,,5.0
,,,,,,,,,,,,7.0
,,,,,,,,,,,,6.0
,,,,,,,,,,,,5.0
,,,,,,,,,,,,7.0
,,,,,,,,,,,,5.0
,,,,,,,,,,,,6.0
,,,,,,,,,,,,6.0
,,,,,,,,,,,,5.0
,,,,,,,,,,,,5.0
,,,,,,,,,,,,6.0
,,,,,,,,,,,,6.0
,,,,,,,,,,,,7.0
,,,,,,,,,,,,5.0
,,,,,,,,,,,,5.0
,,,,,,,,,,,,7.0
,,,,,,,,,,,,5.0
,,,,,,,,,,,,6.0
,,,,,,,,,,,,7.0
,,,,,,,,,,,,6.0
,,,,,,,,,,,,5.0
,,,,,,,,,,,,5.0
,,,,,,,,,,,,5.0
,,,,,,,,,,,,5.0
,,,,,,,,,,,,5.0
,,,,,,,,,,,,5.0
,,,,,,,,,,,,6.0
,,,,,,,,,,,,6.0
,,,,,,,,,,,,6.0
,,,,,,,,,,,,5.0
,,,,,,,,,,,,6.0
,,,,,,,,,,,,6.0
,,,,,,,,,,,,6.0
,,,,,,,,,,,,5.0
,,,,,,,,,,,,6.0
,,,,,,,,,,,,6.0
,,,,,,,,,,,,6.0
,,,,,,,,,,,,5.0
,,,,,,,,,,,,5.0
,,,,,,,,,,,,4.0
,,,,,,,,,,,,6.0
,,,,,,,,,,,,5.0
,,,,,,,,,,,,5.0
,,,,,,,,,,,,5.0
,,,,,,,,,,,,6.0
,,,,,,,,,,,,7.0
,,,,,,,,,,,,5.0
,,,,,,,,,,,,5.0
,,,,,,,,,,,,6.0
,,,,,,,,,,,,6.0
,,,,,,,,,,,,6.0
,,,,,,,,,,,,5.0
,,,,,,,,,,,,5.0
,,,,,,,,,,,,6.0
,,,,,,,,,,,,5.0
,,,,,,,,,,,,5.0
,,,,,,,,,,,,6.0
,,,,,,,,,,,,5.0
,,,,,,,,,,,,5.0
,,,,,,,,,,,,7.0
,,,,,,,,,,,,6.0
,,,,,,,,,,,,6.0
,,,,,,,,,,,,7.0
,,,,,,,,,,,,6.0
,,,,,,,,,,,,6.0
,,,,,,,,,,,,6.0
,,,,,,,,,,,,5.0
,,,,,,,,,,,,5.0
,,,,,,,,,,,,6.0
,,,,,,,,,,,,6.0
,,,,,,,,,,,,5.0
,,,,,,,,,,,,5.0
,,,,,,,,,,,,5.0
,,,,,,,,,,,,6.0
,,,,,,,,,,,,5.0
,,,,,,,,,,,,7.0
,,,,,,,,,,,,6.0
,,,,,,,,,,,,5.0
,,,,,,,,,,,,5.0
,,,,,,,,,,,,5.0
,,,,,,,,,,,,5.0
,,,,,,,,,,,,6.0
,,,,,,,,,,,,5.0
,,,,,,,,,,,,6.0
,,,,,,,,,,,,5.0
,,,,,,,,,,,,5.0
,,,,,,,,,,,,6.0
,,,,,,,,,,,,6.0
,,,,,,,,,,,,5.0
,,,,,,,,,,,,6.0
,,,,,,,,,,,,3.0
,,,,,,,,,,,,5.0
,,,,,,,,,,,,5.0
,,,,,,,,,,,,5.0
,,,,,,,,,,,,5.0
,,,,,,,,,,,,5.0
,,,,,,,,,,,,7.0
,,,,,,,,,,,,5.0
,,,,,,,,,,,,6.0
,,,,,,,,,,,,7.0
,,,,,,,,,,,,5.0
,,,,,,,,,,,,7.0
,,,,,,,,,,,,6.0
,,,,,,,,,,,,6.0
,,,,,,,,,,,,7.0
,,,,,,,,,,,,6.0
,,,,,,,,,,,,5.0
,,,,,,,,,,,,5.0
,,,,,,,,,,,,6.0
,,,,,,,,,,,,5.0
,,,,,,,,,,,,5.0
,,,,,,,,,,,,6.0
,,,,,,,,,,,,5.0
,,,,,,,,,,,,6.0
,,,,,,,,,,,,6.0
,,,,,,,,,,,,5.0
,,,,,,,,,,,,6.0
,,,,,,,,,,,,7.0
,,,,,,,,,,,,6.0
,,,,,,,,,,,,6.0
,,,,,,,,,,,,7.0
,,,,,,,,,,,,5.0
,,,,,,,,,,,,6.0
,,,,,,,,,,,,7.0
,,,,,,,,,,,,5.0
,,,,,,,,,,,,5.0
,,,,,,,,,,,,6.0
,,,,,,,,,,,,6.0
,,,,,,,,,,,,6.0
,,,,,,,,,,,,6.0
,,,,,,,,,,,,5.0
,,,,,,,,,,,,6.0
,,,,,,,,,,,,5.0
,,,,,,,,,,,,5.0
,,,,,,,,,,,,6.0
,,,,,,,,,,,,5.0
,,,,,,,,,,,,5.0
,,,,,,,,,,,,6.0
,,,,,,,,,,,,5.0
,,,,,,,,,,,,6.0
,,,,,,,,,,,,7.0
,,,,,,,,,,,,6.0
,,,,,,,,,,,,5.0
,,,,,,,,,,,,5.0
,,,,,,,,,,,,5.0
,,,,,,,,,,,,5.0
,,,,,,,,,,,,6.0
,,,,,,,,,,,,6.0
,,,,,,,,,,,,6.0
,,,,,,,,,,,,7.0
,,,,,,,,,,,,6.0
,,,,,,,,,,,,5.0
,,,,,,,,,,,,5.0
,,,,,,,,,,,,7.0
,,,,,,,,,,,,5.0
,,,,,,,,,,,,6.0
,,,,,,,,,,,,6.0
,,,,,,,,,,,,7.0
,,,,,,,,,,,,7.0
,,,,,,,,,,,,5.0
,,,,,,,,,,,,5.0
,,,,,,,,,,,,7.0
,,,,,,,,,,,,5.0
,,,,,,,,,,,,7.0
,,,,,,,,,,,,7.0
,,,,,,,,,,,,5.0
,,,,,,,,,,,,4.0
,,,,,,,,,,,,6.0
,,,,,,,,,,,,5.0
,,,,,,,,,,,,5.0
,,,,,,,,,,,,6.0
,,,,,,,,,,,,6.0
,,,,,,,,,,,,6.0
,,,,,,,,,,,,5.0
,,,,,,,,,,,,5.0
,,,,,,,,,,,,6.0
,,,,,,,,,,,,6.0
,,,,,,,,,,,,5.0
,,,,,,,,,,,,7.0
,,,,,,,,,,,,6.0
,,,,,,,,,,,,7.0
,,,,,,,,,,,,6.0
,,,,,,,,,,,,6.0
,,,,,,,,,,,,6.0
,,,,,,,,,,,,6.0
,,,,,,,,,,,,5.0
,,,,,,,,,,,,5.0
,,,,,,,,,,,,7.0
,,,,,,,,,,,,5.0
,,,,,,,,,,,,8.0
,,,,,,,,,,,,6.0
,,,,,,,,,,,,6.0
,,,,,,,,,,,,6.0
,,,,,,,,,,,,5.0
,,,,,,,,,,,,5.0
,,,,,,,,,,,,7.0
,,,,,,,,,,,,5.0
,,,,,,,,,,,,5.0
,,,,,,,,,,,,6.0
,,,,,,,,,,,,5.0
,,,,,,,,,,,,6.0
,,,,,,,,,,,,6.0
,,,,,,,,,,,,6.0
,,,,,,,,,,,,7.0
,,,,,,,,,,,,5.0
,,,,,,,,,,,,6.0
,,,,,,,,,,,,5.0
,,,,,,,,,,,,7.0
,,,,,,,,,,,,5.0
,,,,,,,,,,,,6.0
,,,,,,,,,,,,6.0
,,,,,,,,,,,,5.0
,,,,,,,,,,,,5.0
,,,,,,,,,,,,6.0
,,,,,,,,,,,,5.0
,,,,,,,,,,,,5.0
,,,,,,,,,,,,5.0
,,,,,,,,,,,,6.0
,,,,,,,,,,,,6.0
,,,,,,,,,,,,5.0
,,,,,,,,,,,,8.0
,,,,,,,,,,,,5.0
,,,,,,,,,,,,6.0
,,,,,,,,,,,,7.0
,,,,,,,,,,,,5.0
,,,,,,,,,,,,5.0
,,,,,,,,,,,,6.0
,,,,,,,,,,,,5.0
,,,,,,,,,,,,6.0
,,,,,,,,,,,,4.0
,,,,,,,,,,,,7.0
,,,,,,,,,,,,5.0
,,,,,,,,,,,,5.0
,,,,,,,,,,,,6.0
,,,,,,,,,,,,6.0
,,,,,,,,,,,,6.0
,,,,,,,,,,,,6.0
,,,,,,,,,,,,7.0
,,,,,,,,,,,,5.0
,,,,,,,,,,,,6.0
,,,,,,,,,,,,5.0
,,,,,,,,,,,,6.0
,,,,,,,,,,,,6.0
,,,,,,,,,,,,6.0
,,,,,,,,,,,,5.0
,,,,,,,,,,,,7.0
,,,,,,,,,,,,7.0
,,,,,,,,,,,,6.0
,,,,,,,,,,,,6.0
,,,,,,,,,,,,5.0
,,,,,,,,,,,,6.0
,,,,,,,,,,,,6.0
,,,,,,,,,,,,5.0
,,,,,,,,,,,,5.0
,,,,,,,,,,,,6.0
,,,,,,,,,,,,6.0
,,,,,,,,,,,,6.0
,,,,,,,,,,,,5.0
,,,,,,,,,,,,5.0
,,,,,,,,,,,,6.0
,,,,,,,,,,,,5.0
,,,,,,,,,,,,6.0
,,,,,,,,,,,,5.0
,,,,,,,,,,,,6.0
,,,,,,,,,,,,7.0
,,,,,,,,,,,,6.0
,,,,,,,,,,,,5.0
,,,,,,,,,,,,5.0
,,,,,,,,,,,,5.0
,,,,,,,,,,,,5.0
,,,,,,,,,,,,5.0
,,,,,,,,,,,,6.0
,,,,,,,,,,,,5.0
,,,,,,,,,,,,5.0
,,,,,,,,,,,,5.0
